{
  "model_name": "cnn_pytorch_pretrained",
  "framework": "pytorch",
  "accuracy": 0.8630714135243311,
  "test_loss": 0.42673848188083985,
  "precision_weighted": 0.8488181802229204,
  "recall_weighted": 0.8630714135243311,
  "f1_weighted": 0.8542895576398121,
  "precision_macro": 0.702649335293365,
  "recall_macro": 0.658059014750186,
  "f1_macro": 0.6752014931220955,
  "n_samples": 9494,
  "confusion_matrix": [
    [
      1066,
      160,
      268
    ],
    [
      217,
      248,
      355
    ],
    [
      159,
      141,
      6880
    ]
  ],
  "classification_report": {
    "negative": {
      "precision": 0.739251040221914,
      "recall": 0.713520749665328,
      "f1-score": 0.726158038147139,
      "support": 1494.0
    },
    "neutral": {
      "precision": 0.4517304189435337,
      "recall": 0.3024390243902439,
      "f1-score": 0.3623082542001461,
      "support": 820.0
    },
    "positive": {
      "precision": 0.9169665467146475,
      "recall": 0.958217270194986,
      "f1-score": 0.9371381870190015,
      "support": 7180.0
    },
    "accuracy": 0.8630714135243311,
    "macro avg": {
      "precision": 0.702649335293365,
      "recall": 0.658059014750186,
      "f1-score": 0.6752014931220955,
      "support": 9494.0
    },
    "weighted avg": {
      "precision": 0.8488181802229204,
      "recall": 0.8630714135243311,
      "f1-score": 0.8542895576398121,
      "support": 9494.0
    }
  },
  "per_class_metrics": {
    "precision": [
      0.739251040221914,
      0.4517304189435337,
      0.9169665467146475
    ],
    "recall": [
      0.713520749665328,
      0.3024390243902439,
      0.958217270194986
    ],
    "f1": [
      0.726158038147139,
      0.3623082542001461,
      0.9371381870190015
    ],
    "support": [
      1494,
      820,
      7180
    ]
  },
  "label_mapping": {
    "0": "negative",
    "1": "neutral",
    "2": "positive"
  },
  "timestamp": "2026-03-17T00:38:34.719044"
}