{
  "model_name": "cnn_pytorch_scratch",
  "framework": "pytorch",
  "accuracy": 0.8524331156519908,
  "test_loss": 0.4920314698784239,
  "precision_weighted": 0.842251202473049,
  "recall_weighted": 0.8524331156519908,
  "f1_weighted": 0.8464495300056591,
  "precision_macro": 0.6726566560952912,
  "recall_macro": 0.6552600479747345,
  "f1_macro": 0.660881074925379,
  "n_samples": 9494,
  "confusion_matrix": [
    [
      1093,
      151,
      250
    ],
    [
      272,
      240,
      308
    ],
    [
      214,
      206,
      6760
    ]
  ],
  "classification_report": {
    "negative": {
      "precision": 0.6922102596580114,
      "recall": 0.7315930388219545,
      "f1-score": 0.7113569801496908,
      "support": 1494.0
    },
    "neutral": {
      "precision": 0.4020100502512563,
      "recall": 0.2926829268292683,
      "f1-score": 0.3387438249823571,
      "support": 820.0
    },
    "positive": {
      "precision": 0.9237496583766056,
      "recall": 0.9415041782729805,
      "f1-score": 0.9325424196440888,
      "support": 7180.0
    },
    "accuracy": 0.8524331156519908,
    "macro avg": {
      "precision": 0.6726566560952912,
      "recall": 0.6552600479747345,
      "f1-score": 0.660881074925379,
      "support": 9494.0
    },
    "weighted avg": {
      "precision": 0.842251202473049,
      "recall": 0.8524331156519908,
      "f1-score": 0.8464495300056591,
      "support": 9494.0
    }
  },
  "per_class_metrics": {
    "precision": [
      0.6922102596580114,
      0.4020100502512563,
      0.9237496583766056
    ],
    "recall": [
      0.7315930388219545,
      0.2926829268292683,
      0.9415041782729805
    ],
    "f1": [
      0.7113569801496908,
      0.3387438249823571,
      0.9325424196440888
    ],
    "support": [
      1494,
      820,
      7180
    ]
  },
  "label_mapping": {
    "0": "negative",
    "1": "neutral",
    "2": "positive"
  },
  "timestamp": "2026-03-17T00:43:39.831446"
}