{
  "model_name": "cnn_pytorch_pretrained",
  "framework": "pytorch",
  "accuracy": 0.8615967979776701,
  "test_loss": 0.4013444559542017,
  "precision_weighted": 0.8470277334557719,
  "recall_weighted": 0.8615967979776701,
  "f1_weighted": 0.852002652899779,
  "precision_macro": 0.6909232941577428,
  "recall_macro": 0.657534641438079,
  "f1_macro": 0.6661475522939622,
  "n_samples": 9494,
  "confusion_matrix": [
    [
      1136,
      127,
      231
    ],
    [
      259,
      214,
      347
    ],
    [
      206,
      144,
      6830
    ]
  ],
  "classification_report": {
    "negative": {
      "precision": 0.7095565271705184,
      "recall": 0.7603748326639893,
      "f1-score": 0.7340872374798061,
      "support": 1494.0
    },
    "neutral": {
      "precision": 0.44123711340206184,
      "recall": 0.26097560975609757,
      "f1-score": 0.32796934865900385,
      "support": 820.0
    },
    "positive": {
      "precision": 0.921976241900648,
      "recall": 0.9512534818941504,
      "f1-score": 0.9363860707430764,
      "support": 7180.0
    },
    "accuracy": 0.8615967979776701,
    "macro avg": {
      "precision": 0.6909232941577428,
      "recall": 0.657534641438079,
      "f1-score": 0.6661475522939622,
      "support": 9494.0
    },
    "weighted avg": {
      "precision": 0.8470277334557719,
      "recall": 0.8615967979776701,
      "f1-score": 0.852002652899779,
      "support": 9494.0
    }
  },
  "per_class_metrics": {
    "precision": [
      0.7095565271705184,
      0.44123711340206184,
      0.921976241900648
    ],
    "recall": [
      0.7603748326639893,
      0.26097560975609757,
      0.9512534818941504
    ],
    "f1": [
      0.7340872374798061,
      0.32796934865900385,
      0.9363860707430764
    ],
    "support": [
      1494,
      820,
      7180
    ]
  },
  "label_mapping": {
    "0": "negative",
    "1": "neutral",
    "2": "positive"
  },
  "timestamp": "2026-03-17T01:05:29.766656"
}